{"ConceptSets":[],"targetIds":[55],"outcomeIds":[75],"timeAtRisk":{"start":{"DateField":"StartDate","Offset":0},"end":{"DateField":"EndDate","Offset":0}},"studyWindow":{"startDate":"2011-01-01","endDate":"2011-12-31"},"strata":[{"name":"age<35","description":null,"expression":{"Type":"ALL","Count":null,"CriteriaList":[],"DemographicCriteriaList":[{"Age":{"Value":35,"Op":"lt","Extent":null},"Gender":null,"Race":null,"Ethnicity":null,"OccurrenceStartDate":null,"OccurrenceEndDate":null}],"Groups":[]}},{"name":"age 35 to <50","description":null,"expression":{"Type":"ALL","Count":null,"CriteriaList":[],"DemographicCriteriaList":[{"Age":{"Value":35,"Op":"gte","Extent":null},"Gender":null,"Race":null,"Ethnicity":null,"OccurrenceStartDate":null,"OccurrenceEndDate":null},{"Age":{"Value":50,"Op":"lt","Extent":null},"Gender":null,"Race":null,"Ethnicity":null,"OccurrenceStartDate":null,"OccurrenceEndDate":null}],"Groups":[]}},{"name":"age 50 to <65","description":null,"expression":{"Type":"ALL","Count":null,"CriteriaList":[],"DemographicCriteriaList":[{"Age":{"Value":50,"Op":"gte","Extent":null},"Gender":null,"Race":null,"Ethnicity":null,"OccurrenceStartDate":null,"OccurrenceEndDate":null},{"Age":{"Value":65,"Op":"lt","Extent":null},"Gender":null,"Race":null,"Ethnicity":null,"OccurrenceStartDate":null,"OccurrenceEndDate":null}],"Groups":[]}},{"name":"age >=65","description":null,"expression":{"Type":"ALL","Count":null,"CriteriaList":[],"DemographicCriteriaList":[{"Age":{"Value":65,"Op":"gte","Extent":null},"Gender":null,"Race":null,"Ethnicity":null,"OccurrenceStartDate":null,"OccurrenceEndDate":null}],"Groups":[]}},{"name":"female sex","description":"female sex","expression":{"Type":"ALL","Count":null,"CriteriaList":[],"DemographicCriteriaList":[{"Age":null,"Gender":[{"CONCEPT_ID":8532,"CONCEPT_NAME":"FEMALE","STANDARD_CONCEPT":null,"STANDARD_CONCEPT_CAPTION":"Unknown","INVALID_REASON":null,"INVALID_REASON_CAPTION":"Unknown","CONCEPT_CODE":"F","DOMAIN_ID":"Gender","VOCABULARY_ID":"Gender","CONCEPT_CLASS_ID":null}],"Race":null,"Ethnicity":null,"OccurrenceStartDate":null,"OccurrenceEndDate":null}],"Groups":[]}},{"name":"male sex","description":"male sex","expression":{"Type":"ALL","Count":null,"CriteriaList":[],"DemographicCriteriaList":[{"Age":null,"Gender":[{"CONCEPT_ID":8507,"CONCEPT_NAME":"MALE","STANDARD_CONCEPT":null,"STANDARD_CONCEPT_CAPTION":"Unknown","INVALID_REASON":null,"INVALID_REASON_CAPTION":"Unknown","CONCEPT_CODE":"M","DOMAIN_ID":"Gender","VOCABULARY_ID":"Gender","CONCEPT_CLASS_ID":null}],"Race":null,"Ethnicity":null,"OccurrenceStartDate":null,"OccurrenceEndDate":null}],"Groups":[]}}],"targetCohorts":[{"id":55,"name":"[CSAW] source population age 18+ active in year 2011","description":"denominator cohort year 2000","createdBy":"dprietoalhambra","createdDate":"2020-10-20 21:43","modifiedBy":"dprietoalhambra","modifiedDate":"2020-10-20 21:44","expressionType":"SIMPLE_EXPRESSION","expression":{"cdmVersionRange":">=5.0.0","PrimaryCriteria":{"CriteriaList":[{"VisitOccurrence":{"OccurrenceStartDate":{"Value":"2011-01-01","Op":"bt","Extent":"2011-12-31"},"VisitTypeExclude":false}}],"ObservationWindow":{"PriorDays":0,"PostDays":0},"PrimaryCriteriaLimit":{"Type":"First"}},"ConceptSets":[],"QualifiedLimit":{"Type":"First"},"ExpressionLimit":{"Type":"First"},"InclusionRules":[{"name":"age 18+ ","expression":{"Type":"ALL","CriteriaList":[{"Criteria":{"VisitOccurrence":{"VisitTypeExclude":false}},"StartWindow":{"Start":{"Coeff":-1},"End":{"Coeff":1},"UseIndexEnd":false,"UseEventEnd":false},"RestrictVisit":false,"IgnoreObservationPeriod":false,"Occurrence":{"Type":2,"Count":1,"IsDistinct":false}}],"DemographicCriteriaList":[{"Age":{"Value":18,"Op":"gte"}}],"Groups":[]}}],"CensoringCriteria":[],"CollapseSettings":{"CollapseType":"ERA","EraPad":0},"CensorWindow":{}}}],"outcomeCohorts":[{"id":75,"name":"[CSAW] Subacromial decompression 2011","description":null,"createdBy":"dprietoalhambra","createdDate":"2020-10-21 06:00","modifiedBy":"dprietoalhambra","modifiedDate":"2020-10-21 18:27","expressionType":"SIMPLE_EXPRESSION","expression":{"cdmVersionRange":">=5.0.0","PrimaryCriteria":{"CriteriaList":[{"ProcedureOccurrence":{"CodesetId":1,"First":true,"OccurrenceStartDate":{"Value":"2011-01-01","Op":"bt","Extent":"2011-12-31"},"ProcedureTypeExclude":false}}],"ObservationWindow":{"PriorDays":365,"PostDays":1},"PrimaryCriteriaLimit":{"Type":"First"}},"AdditionalCriteria":{"Type":"ALL","CriteriaList":[],"DemographicCriteriaList":[],"Groups":[]},"ConceptSets":[{"id":0,"name":"subacromial decompression","expression":{"items":[{"concept":{"CONCEPT_ID":4181629,"CONCEPT_NAME":"Acromionectomy","STANDARD_CONCEPT":"S","STANDARD_CONCEPT_CAPTION":"Standard","INVALID_REASON":"V","INVALID_REASON_CAPTION":"Valid","CONCEPT_CODE":"43102005","DOMAIN_ID":"Procedure","VOCABULARY_ID":"SNOMED","CONCEPT_CLASS_ID":"Procedure"},"isExcluded":false,"includeDescendants":false,"includeMapped":false},{"concept":{"CONCEPT_ID":4300754,"CONCEPT_NAME":"Acromioplasty of shoulder","STANDARD_CONCEPT":"S","STANDARD_CONCEPT_CAPTION":"Standard","INVALID_REASON":"V","INVALID_REASON_CAPTION":"Valid","CONCEPT_CODE":"77474007","DOMAIN_ID":"Procedure","VOCABULARY_ID":"SNOMED","CONCEPT_CLASS_ID":"Procedure"},"isExcluded":false,"includeDescendants":false,"includeMapped":false},{"concept":{"CONCEPT_ID":2103634,"CONCEPT_NAME":"Acromioplasty or acromionectomy, partial, with or without coracoacromial ligament release","STANDARD_CONCEPT":"S","STANDARD_CONCEPT_CAPTION":"Standard","INVALID_REASON":"V","INVALID_REASON_CAPTION":"Valid","CONCEPT_CODE":"23130","DOMAIN_ID":"Procedure","VOCABULARY_ID":"CPT4","CONCEPT_CLASS_ID":"CPT4"},"isExcluded":false,"includeDescendants":false,"includeMapped":false},{"concept":{"CONCEPT_ID":3138502,"CONCEPT_NAME":"Anterior decompression of shoulder joint","STANDARD_CONCEPT":"N","STANDARD_CONCEPT_CAPTION":"Non-Standard","INVALID_REASON":"U","INVALID_REASON_CAPTION":"Invalid","CONCEPT_CODE":"239436004","DOMAIN_ID":"Procedure","VOCABULARY_ID":"Nebraska Lexicon","CONCEPT_CLASS_ID":"Procedure"},"isExcluded":false,"includeDescendants":false,"includeMapped":false},{"concept":{"CONCEPT_ID":40437769,"CONCEPT_NAME":"Anterior decompression of shoulder joint","STANDARD_CONCEPT":"N","STANDARD_CONCEPT_CAPTION":"Non-Standard","INVALID_REASON":"U","INVALID_REASON_CAPTION":"Invalid","CONCEPT_CODE":"239436004","DOMAIN_ID":"Procedure","VOCABULARY_ID":"SNOMED","CONCEPT_CLASS_ID":"Procedure"},"isExcluded":false,"includeDescendants":false,"includeMapped":false},{"concept":{"CONCEPT_ID":40348456,"CONCEPT_NAME":"Anterior decompression of shoulder joint","STANDARD_CONCEPT":"N","STANDARD_CONCEPT_CAPTION":"Non-Standard","INVALID_REASON":"U","INVALID_REASON_CAPTION":"Invalid","CONCEPT_CODE":"265125001","DOMAIN_ID":"Procedure","VOCABULARY_ID":"SNOMED","CONCEPT_CLASS_ID":"Procedure"},"isExcluded":false,"includeDescendants":false,"includeMapped":false},{"concept":{"CONCEPT_ID":4185496,"CONCEPT_NAME":"Anterior decompression of shoulder joint","STANDARD_CONCEPT":"S","STANDARD_CONCEPT_CAPTION":"Standard","INVALID_REASON":"V","INVALID_REASON_CAPTION":"Valid","CONCEPT_CODE":"298672007","DOMAIN_ID":"Procedure","VOCABULARY_ID":"SNOMED","CONCEPT_CLASS_ID":"Procedure"},"isExcluded":false,"includeDescendants":false,"includeMapped":false},{"concept":{"CONCEPT_ID":3230140,"CONCEPT_NAME":"Anterior decompression of shoulder joint","STANDARD_CONCEPT":"N","STANDARD_CONCEPT_CAPTION":"Non-Standard","INVALID_REASON":"V","INVALID_REASON_CAPTION":"Valid","CONCEPT_CODE":"298672007","DOMAIN_ID":"Procedure","VOCABULARY_ID":"Nebraska Lexicon","CONCEPT_CLASS_ID":"Procedure"},"isExcluded":false,"includeDescendants":false,"includeMapped":false},{"concept":{"CONCEPT_ID":3141042,"CONCEPT_NAME":"Anterior decompression of shoulder joint","STANDARD_CONCEPT":"N","STANDARD_CONCEPT_CAPTION":"Non-Standard","INVALID_REASON":"U","INVALID_REASON_CAPTION":"Invalid","CONCEPT_CODE":"265125001","DOMAIN_ID":"Procedure","VOCABULARY_ID":"Nebraska Lexicon","CONCEPT_CLASS_ID":"Procedure"},"isExcluded":false,"includeDescendants":false,"includeMapped":false},{"concept":{"CONCEPT_ID":4078258,"CONCEPT_NAME":"Arthroscopic acromioplasty","STANDARD_CONCEPT":"S","STANDARD_CONCEPT_CAPTION":"Standard","INVALID_REASON":"V","INVALID_REASON_CAPTION":"Valid","CONCEPT_CODE":"179893007","DOMAIN_ID":"Procedure","VOCABULARY_ID":"SNOMED","CONCEPT_CLASS_ID":"Procedure"},"isExcluded":false,"includeDescendants":false,"includeMapped":false},{"concept":{"CONCEPT_ID":44792138,"CONCEPT_NAME":"Arthroscopic decompression of subacromial joint","STANDARD_CONCEPT":"S","STANDARD_CONCEPT_CAPTION":"Standard","INVALID_REASON":"V","INVALID_REASON_CAPTION":"Valid","CONCEPT_CODE":"335761000000104","DOMAIN_ID":"Procedure","VOCABULARY_ID":"SNOMED","CONCEPT_CLASS_ID":"Procedure"},"isExcluded":false,"includeDescendants":false,"includeMapped":false},{"concept":{"CONCEPT_ID":4085220,"CONCEPT_NAME":"Arthroscopy of shoulder","STANDARD_CONCEPT":"S","STANDARD_CONCEPT_CAPTION":"Standard","INVALID_REASON":"V","INVALID_REASON_CAPTION":"Valid","CONCEPT_CODE":"281812007","DOMAIN_ID":"Procedure","VOCABULARY_ID":"SNOMED","CONCEPT_CLASS_ID":"Procedure"},"isExcluded":false,"includeDescendants":false,"includeMapped":false},{"concept":{"CONCEPT_ID":4259564,"CONCEPT_NAME":"Arthroscopy of shoulder with biceps tenodesis","STANDARD_CONCEPT":"S","STANDARD_CONCEPT_CAPTION":"Standard","INVALID_REASON":"V","INVALID_REASON_CAPTION":"Valid","CONCEPT_CODE":"439861005","DOMAIN_ID":"Procedure","VOCABULARY_ID":"SNOMED","CONCEPT_CLASS_ID":"Procedure"},"isExcluded":false,"includeDescendants":false,"includeMapped":false},{"concept":{"CONCEPT_ID":4297641,"CONCEPT_NAME":"Arthroscopy of shoulder with complete synovectomy","STANDARD_CONCEPT":"S","STANDARD_CONCEPT_CAPTION":"Standard","INVALID_REASON":"V","INVALID_REASON_CAPTION":"Valid","CONCEPT_CODE":"77341008","DOMAIN_ID":"Procedure","VOCABULARY_ID":"SNOMED","CONCEPT_CLASS_ID":"Procedure"},"isExcluded":false,"includeDescendants":false,"includeMapped":false},{"concept":{"CONCEPT_ID":4077445,"CONCEPT_NAME":"Arthroscopy of shoulder with extensive debridement","STANDARD_CONCEPT":"S","STANDARD_CONCEPT_CAPTION":"Standard","INVALID_REASON":"V","INVALID_REASON_CAPTION":"Valid","CONCEPT_CODE":"18856005","DOMAIN_ID":"Procedure","VOCABULARY_ID":"SNOMED","CONCEPT_CLASS_ID":"Procedure"},"isExcluded":false,"includeDescendants":false,"includeMapped":false},{"concept":{"CONCEPT_ID":4105595,"CONCEPT_NAME":"Arthroscopy of shoulder with limited debridement","STANDARD_CONCEPT":"S","STANDARD_CONCEPT_CAPTION":"Standard","INVALID_REASON":"V","INVALID_REASON_CAPTION":"Valid","CONCEPT_CODE":"29563005","DOMAIN_ID":"Procedure","VOCABULARY_ID":"SNOMED","CONCEPT_CLASS_ID":"Procedure"},"isExcluded":false,"includeDescendants":false,"includeMapped":false},{"concept":{"CONCEPT_ID":4211092,"CONCEPT_NAME":"Arthroscopy of shoulder with lysis and resection of adhesions with manipulation","STANDARD_CONCEPT":"S","STANDARD_CONCEPT_CAPTION":"Standard","INVALID_REASON":"V","INVALID_REASON_CAPTION":"Valid","CONCEPT_CODE":"56442009","DOMAIN_ID":"Procedure","VOCABULARY_ID":"SNOMED","CONCEPT_CLASS_ID":"Procedure"},"isExcluded":false,"includeDescendants":false,"includeMapped":false},{"concept":{"CONCEPT_ID":4121863,"CONCEPT_NAME":"Arthroscopy of shoulder with partial synovectomy","STANDARD_CONCEPT":"S","STANDARD_CONCEPT_CAPTION":"Standard","INVALID_REASON":"V","INVALID_REASON_CAPTION":"Valid","CONCEPT_CODE":"257847001","DOMAIN_ID":"Procedure","VOCABULARY_ID":"SNOMED","CONCEPT_CLASS_ID":"Procedure"},"isExcluded":false,"includeDescendants":false,"includeMapped":false},{"concept":{"CONCEPT_ID":2105959,"CONCEPT_NAME":"Arthroscopy, shoulder, surgical; decompression of subacromial space with partial acromioplasty, with coracoacromial ligament (ie, arch) release, when performed (List separately in addition to code for primary procedure)","STANDARD_CONCEPT":"S","STANDARD_CONCEPT_CAPTION":"Standard","INVALID_REASON":"V","INVALID_REASON_CAPTION":"Valid","CONCEPT_CODE":"29826","DOMAIN_ID":"Procedure","VOCABULARY_ID":"CPT4","CONCEPT_CLASS_ID":"CPT4"},"isExcluded":false,"includeDescendants":false,"includeMapped":false},{"concept":{"CONCEPT_ID":2103618,"CONCEPT_NAME":"Arthrotomy, acromioclavicular joint or sternoclavicular joint, including biopsy and/or excision of torn cartilage","STANDARD_CONCEPT":"S","STANDARD_CONCEPT_CAPTION":"Standard","INVALID_REASON":"V","INVALID_REASON_CAPTION":"Valid","CONCEPT_CODE":"23101","DOMAIN_ID":"Procedure","VOCABULARY_ID":"CPT4","CONCEPT_CLASS_ID":"CPT4"},"isExcluded":false,"includeDescendants":false,"includeMapped":false},{"concept":{"CONCEPT_ID":2103601,"CONCEPT_NAME":"Arthrotomy, acromioclavicular, sternoclavicular joint, including exploration, drainage, or removal of foreign body","STANDARD_CONCEPT":"S","STANDARD_CONCEPT_CAPTION":"Standard","INVALID_REASON":"V","INVALID_REASON_CAPTION":"Valid","CONCEPT_CODE":"23044","DOMAIN_ID":"Procedure","VOCABULARY_ID":"CPT4","CONCEPT_CLASS_ID":"CPT4"},"isExcluded":false,"includeDescendants":false,"includeMapped":false},{"concept":{"CONCEPT_ID":4057640,"CONCEPT_NAME":"Arthrotomy for excision of torn cartilage of acromioclavicular joint","STANDARD_CONCEPT":"S","STANDARD_CONCEPT_CAPTION":"Standard","INVALID_REASON":"V","INVALID_REASON_CAPTION":"Valid","CONCEPT_CODE":"21177001","DOMAIN_ID":"Procedure","VOCABULARY_ID":"SNOMED","CONCEPT_CLASS_ID":"Procedure"},"isExcluded":false,"includeDescendants":false,"includeMapped":false},{"concept":{"CONCEPT_ID":4286276,"CONCEPT_NAME":"Arthrotomy of acromioclavicular joint for infection with exploration","STANDARD_CONCEPT":"S","STANDARD_CONCEPT_CAPTION":"Standard","INVALID_REASON":"V","INVALID_REASON_CAPTION":"Valid","CONCEPT_CODE":"37036004","DOMAIN_ID":"Procedure","VOCABULARY_ID":"SNOMED","CONCEPT_CLASS_ID":"Procedure"},"isExcluded":false,"includeDescendants":false,"includeMapped":false},{"concept":{"CONCEPT_ID":2766269,"CONCEPT_NAME":"Excision of Left Acromioclavicular Joint, Open Approach","STANDARD_CONCEPT":"S","STANDARD_CONCEPT_CAPTION":"Standard","INVALID_REASON":"V","INVALID_REASON_CAPTION":"Valid","CONCEPT_CODE":"0RBH0ZZ","DOMAIN_ID":"Procedure","VOCABULARY_ID":"ICD10PCS","CONCEPT_CLASS_ID":"ICD10PCS"},"isExcluded":false,"includeDescendants":false,"includeMapped":false},{"concept":{"CONCEPT_ID":2766268,"CONCEPT_NAME":"Excision of Left Acromioclavicular Joint, Open Approach, Diagnostic","STANDARD_CONCEPT":"S","STANDARD_CONCEPT_CAPTION":"Standard","INVALID_REASON":"V","INVALID_REASON_CAPTION":"Valid","CONCEPT_CODE":"0RBH0ZX","DOMAIN_ID":"Procedure","VOCABULARY_ID":"ICD10PCS","CONCEPT_CLASS_ID":"ICD10PCS"},"isExcluded":false,"includeDescendants":false,"includeMapped":false},{"concept":{"CONCEPT_ID":2766271,"CONCEPT_NAME":"Excision of Left Acromioclavicular Joint, Percutaneous Approach","STANDARD_CONCEPT":"S","STANDARD_CONCEPT_CAPTION":"Standard","INVALID_REASON":"V","INVALID_REASON_CAPTION":"Valid","CONCEPT_CODE":"0RBH3ZZ","DOMAIN_ID":"Procedure","VOCABULARY_ID":"ICD10PCS","CONCEPT_CLASS_ID":"ICD10PCS"},"isExcluded":false,"includeDescendants":false,"includeMapped":false},{"concept":{"CONCEPT_ID":2766270,"CONCEPT_NAME":"Excision of Left Acromioclavicular Joint, Percutaneous Approach, Diagnostic","STANDARD_CONCEPT":"S","STANDARD_CONCEPT_CAPTION":"Standard","INVALID_REASON":"V","INVALID_REASON_CAPTION":"Valid","CONCEPT_CODE":"0RBH3ZX","DOMAIN_ID":"Procedure","VOCABULARY_ID":"ICD10PCS","CONCEPT_CLASS_ID":"ICD10PCS"},"isExcluded":false,"includeDescendants":false,"includeMapped":false},{"concept":{"CONCEPT_ID":2766273,"CONCEPT_NAME":"Excision of Left Acromioclavicular Joint, Percutaneous Endoscopic Approach","STANDARD_CONCEPT":"S","STANDARD_CONCEPT_CAPTION":"Standard","INVALID_REASON":"V","INVALID_REASON_CAPTION":"Valid","CONCEPT_CODE":"0RBH4ZZ","DOMAIN_ID":"Procedure","VOCABULARY_ID":"ICD10PCS","CONCEPT_CLASS_ID":"ICD10PCS"},"isExcluded":false,"includeDescendants":false,"includeMapped":false},{"concept":{"CONCEPT_ID":2766272,"CONCEPT_NAME":"Excision of Left Acromioclavicular Joint, Percutaneous Endoscopic Approach, Diagnostic","STANDARD_CONCEPT":"S","STANDARD_CONCEPT_CAPTION":"Standard","INVALID_REASON":"V","INVALID_REASON_CAPTION":"Valid","CONCEPT_CODE":"0RBH4ZX","DOMAIN_ID":"Procedure","VOCABULARY_ID":"ICD10PCS","CONCEPT_CLASS_ID":"ICD10PCS"},"isExcluded":false,"includeDescendants":false,"includeMapped":false},{"concept":{"CONCEPT_ID":3183391,"CONCEPT_NAME":"Excision of right acromial exostosis","STANDARD_CONCEPT":"S","STANDARD_CONCEPT_CAPTION":"Standard","INVALID_REASON":"V","INVALID_REASON_CAPTION":"Valid","CONCEPT_CODE":"18550001000004106","DOMAIN_ID":"Procedure","VOCABULARY_ID":"Nebraska Lexicon","CONCEPT_CLASS_ID":"Procedure"},"isExcluded":false,"includeDescendants":false,"includeMapped":false},{"concept":{"CONCEPT_ID":2766263,"CONCEPT_NAME":"Excision of Right Acromioclavicular Joint, Open Approach","STANDARD_CONCEPT":"S","STANDARD_CONCEPT_CAPTION":"Standard","INVALID_REASON":"V","INVALID_REASON_CAPTION":"Valid","CONCEPT_CODE":"0RBG0ZZ","DOMAIN_ID":"Procedure","VOCABULARY_ID":"ICD10PCS","CONCEPT_CLASS_ID":"ICD10PCS"},"isExcluded":false,"includeDescendants":false,"includeMapped":false},{"concept":{"CONCEPT_ID":2766262,"CONCEPT_NAME":"Excision of Right Acromioclavicular Joint, Open Approach, Diagnostic","STANDARD_CONCEPT":"S","STANDARD_CONCEPT_CAPTION":"Standard","INVALID_REASON":"V","INVALID_REASON_CAPTION":"Valid","CONCEPT_CODE":"0RBG0ZX","DOMAIN_ID":"Procedure","VOCABULARY_ID":"ICD10PCS","CONCEPT_CLASS_ID":"ICD10PCS"},"isExcluded":false,"includeDescendants":false,"includeMapped":false},{"concept":{"CONCEPT_ID":2766265,"CONCEPT_NAME":"Excision of Right Acromioclavicular Joint, Percutaneous Approach","STANDARD_CONCEPT":"S","STANDARD_CONCEPT_CAPTION":"Standard","INVALID_REASON":"V","INVALID_REASON_CAPTION":"Valid","CONCEPT_CODE":"0RBG3ZZ","DOMAIN_ID":"Procedure","VOCABULARY_ID":"ICD10PCS","CONCEPT_CLASS_ID":"ICD10PCS"},"isExcluded":false,"includeDescendants":false,"includeMapped":false},{"concept":{"CONCEPT_ID":2766267,"CONCEPT_NAME":"Excision of Right Acromioclavicular Joint, Percutaneous Endoscopic Approach","STANDARD_CONCEPT":"S","STANDARD_CONCEPT_CAPTION":"Standard","INVALID_REASON":"V","INVALID_REASON_CAPTION":"Valid","CONCEPT_CODE":"0RBG4ZZ","DOMAIN_ID":"Procedure","VOCABULARY_ID":"ICD10PCS","CONCEPT_CLASS_ID":"ICD10PCS"},"isExcluded":false,"includeDescendants":false,"includeMapped":false},{"concept":{"CONCEPT_ID":2766777,"CONCEPT_NAME":"Extirpation of Matter from Left Acromioclavicular Joint, Open Approach","STANDARD_CONCEPT":"S","STANDARD_CONCEPT_CAPTION":"Standard","INVALID_REASON":"V","INVALID_REASON_CAPTION":"Valid","CONCEPT_CODE":"0RCH0ZZ","DOMAIN_ID":"Procedure","VOCABULARY_ID":"ICD10PCS","CONCEPT_CLASS_ID":"ICD10PCS"},"isExcluded":false,"includeDescendants":false,"includeMapped":false},{"concept":{"CONCEPT_ID":2766778,"CONCEPT_NAME":"Extirpation of Matter from Left Acromioclavicular Joint, Percutaneous Approach","STANDARD_CONCEPT":"S","STANDARD_CONCEPT_CAPTION":"Standard","INVALID_REASON":"V","INVALID_REASON_CAPTION":"Valid","CONCEPT_CODE":"0RCH3ZZ","DOMAIN_ID":"Procedure","VOCABULARY_ID":"ICD10PCS","CONCEPT_CLASS_ID":"ICD10PCS"},"isExcluded":false,"includeDescendants":false,"includeMapped":false},{"concept":{"CONCEPT_ID":2766779,"CONCEPT_NAME":"Extirpation of Matter from Left Acromioclavicular Joint, Percutaneous Endoscopic Approach","STANDARD_CONCEPT":"S","STANDARD_CONCEPT_CAPTION":"Standard","INVALID_REASON":"V","INVALID_REASON_CAPTION":"Valid","CONCEPT_CODE":"0RCH4ZZ","DOMAIN_ID":"Procedure","VOCABULARY_ID":"ICD10PCS","CONCEPT_CLASS_ID":"ICD10PCS"},"isExcluded":false,"includeDescendants":false,"includeMapped":false},{"concept":{"CONCEPT_ID":2766774,"CONCEPT_NAME":"Extirpation of Matter from Right Acromioclavicular Joint, Open Approach","STANDARD_CONCEPT":"S","STANDARD_CONCEPT_CAPTION":"Standard","INVALID_REASON":"V","INVALID_REASON_CAPTION":"Valid","CONCEPT_CODE":"0RCG0ZZ","DOMAIN_ID":"Procedure","VOCABULARY_ID":"ICD10PCS","CONCEPT_CLASS_ID":"ICD10PCS"},"isExcluded":false,"includeDescendants":false,"includeMapped":false},{"concept":{"CONCEPT_ID":2766775,"CONCEPT_NAME":"Extirpation of Matter from Right Acromioclavicular Joint, Percutaneous Approach","STANDARD_CONCEPT":"S","STANDARD_CONCEPT_CAPTION":"Standard","INVALID_REASON":"V","INVALID_REASON_CAPTION":"Valid","CONCEPT_CODE":"0RCG3ZZ","DOMAIN_ID":"Procedure","VOCABULARY_ID":"ICD10PCS","CONCEPT_CLASS_ID":"ICD10PCS"},"isExcluded":false,"includeDescendants":false,"includeMapped":false},{"concept":{"CONCEPT_ID":2766776,"CONCEPT_NAME":"Extirpation of Matter from Right Acromioclavicular Joint, Percutaneous Endoscopic Approach","STANDARD_CONCEPT":"S","STANDARD_CONCEPT_CAPTION":"Standard","INVALID_REASON":"V","INVALID_REASON_CAPTION":"Valid","CONCEPT_CODE":"0RCG4ZZ","DOMAIN_ID":"Procedure","VOCABULARY_ID":"ICD10PCS","CONCEPT_CLASS_ID":"ICD10PCS"},"isExcluded":false,"includeDescendants":false,"includeMapped":false},{"concept":{"CONCEPT_ID":4251323,"CONCEPT_NAME":"Partial acromionectomy","STANDARD_CONCEPT":"S","STANDARD_CONCEPT_CAPTION":"Standard","INVALID_REASON":"V","INVALID_REASON_CAPTION":"Valid","CONCEPT_CODE":"73672000","DOMAIN_ID":"Procedure","VOCABULARY_ID":"SNOMED","CONCEPT_CLASS_ID":"Procedure"},"isExcluded":false,"includeDescendants":false,"includeMapped":false},{"concept":{"CONCEPT_ID":4170707,"CONCEPT_NAME":"Partial acromioplasty","STANDARD_CONCEPT":"S","STANDARD_CONCEPT_CAPTION":"Standard","INVALID_REASON":"V","INVALID_REASON_CAPTION":"Valid","CONCEPT_CODE":"49367003","DOMAIN_ID":"Procedure","VOCABULARY_ID":"SNOMED","CONCEPT_CLASS_ID":"Procedure"},"isExcluded":false,"includeDescendants":false,"includeMapped":false},{"concept":{"CONCEPT_ID":2103696,"CONCEPT_NAME":"Reconstruction of complete shoulder (rotator) cuff avulsion, chronic (includes acromioplasty)","STANDARD_CONCEPT":"S","STANDARD_CONCEPT_CAPTION":"Standard","INVALID_REASON":"V","INVALID_REASON_CAPTION":"Valid","CONCEPT_CODE":"23420","DOMAIN_ID":"Procedure","VOCABULARY_ID":"CPT4","CONCEPT_CLASS_ID":"CPT4"},"isExcluded":false,"includeDescendants":false,"includeMapped":false}]}},{"id":1,"name":"subacromial decompression","expression":{"items":[{"concept":{"CONCEPT_ID":4300754,"CONCEPT_NAME":"Acromioplasty of shoulder","STANDARD_CONCEPT":"S","STANDARD_CONCEPT_CAPTION":"Standard","INVALID_REASON":"V","INVALID_REASON_CAPTION":"Valid","CONCEPT_CODE":"77474007","DOMAIN_ID":"Procedure","VOCABULARY_ID":"SNOMED","CONCEPT_CLASS_ID":"Procedure"},"isExcluded":false,"includeDescendants":false,"includeMapped":false},{"concept":{"CONCEPT_ID":2103634,"CONCEPT_NAME":"Acromioplasty or acromionectomy, partial, with or without coracoacromial ligament release","STANDARD_CONCEPT":"S","STANDARD_CONCEPT_CAPTION":"Standard","INVALID_REASON":"V","INVALID_REASON_CAPTION":"Valid","CONCEPT_CODE":"23130","DOMAIN_ID":"Procedure","VOCABULARY_ID":"CPT4","CONCEPT_CLASS_ID":"CPT4"},"isExcluded":false,"includeDescendants":false,"includeMapped":false},{"concept":{"CONCEPT_ID":4078258,"CONCEPT_NAME":"Arthroscopic acromioplasty","STANDARD_CONCEPT":"S","STANDARD_CONCEPT_CAPTION":"Standard","INVALID_REASON":"V","INVALID_REASON_CAPTION":"Valid","CONCEPT_CODE":"179893007","DOMAIN_ID":"Procedure","VOCABULARY_ID":"SNOMED","CONCEPT_CLASS_ID":"Procedure"},"isExcluded":false,"includeDescendants":false,"includeMapped":false},{"concept":{"CONCEPT_ID":44792138,"CONCEPT_NAME":"Arthroscopic decompression of subacromial joint","STANDARD_CONCEPT":"S","STANDARD_CONCEPT_CAPTION":"Standard","INVALID_REASON":"V","INVALID_REASON_CAPTION":"Valid","CONCEPT_CODE":"335761000000104","DOMAIN_ID":"Procedure","VOCABULARY_ID":"SNOMED","CONCEPT_CLASS_ID":"Procedure"},"isExcluded":false,"includeDescendants":false,"includeMapped":false},{"concept":{"CONCEPT_ID":2105959,"CONCEPT_NAME":"Arthroscopy, shoulder, surgical; decompression of subacromial space with partial acromioplasty, with coracoacromial ligament (ie, arch) release, when performed (List separately in addition to code for primary procedure)","STANDARD_CONCEPT":"S","STANDARD_CONCEPT_CAPTION":"Standard","INVALID_REASON":"V","INVALID_REASON_CAPTION":"Valid","CONCEPT_CODE":"29826","DOMAIN_ID":"Procedure","VOCABULARY_ID":"CPT4","CONCEPT_CLASS_ID":"CPT4"},"isExcluded":false,"includeDescendants":false,"includeMapped":false},{"concept":{"CONCEPT_ID":4170707,"CONCEPT_NAME":"Partial acromioplasty","STANDARD_CONCEPT":"S","STANDARD_CONCEPT_CAPTION":"Standard","INVALID_REASON":"V","INVALID_REASON_CAPTION":"Valid","CONCEPT_CODE":"49367003","DOMAIN_ID":"Procedure","VOCABULARY_ID":"SNOMED","CONCEPT_CLASS_ID":"Procedure"},"isExcluded":false,"includeDescendants":false,"includeMapped":false}]}}],"QualifiedLimit":{"Type":"First"},"ExpressionLimit":{"Type":"First"},"InclusionRules":[],"CensoringCriteria":[],"CollapseSettings":{"CollapseType":"ERA","EraPad":0},"CensorWindow":{}}}]}